bids_name	aor	aqi	dummy_trs	dvars_nstd	dvars_std	dvars_vstd	efc	fber	fd_mean	fd_num	fd_perc	fwhm_avg	fwhm_x	fwhm_y	fwhm_z	gcor	gsr_x	gsr_y	size_t	size_x	size_y	size_z	snr	spacing_tr	spacing_x	spacing_y	spacing_z	summary_bg_k	summary_bg_mad	summary_bg_mean	summary_bg_median	summary_bg_n	summary_bg_p05	summary_bg_p95	summary_bg_stdv	summary_fg_k	summary_fg_mad	summary_fg_mean	summary_fg_median	summary_fg_n	summary_fg_p05	summary_fg_p95	summary_fg_stdv	tsnr
sub-01_task-silentreading_run-1_bold	0.0003163255813953489	0.012317240465116279	0	35.46870528439256	1.0687308643457942	0.9882370853738311	0.5926343327117081	589.7071533203125	0.08835391682271705	8	3.7209302325581395	1.7764446548672268	1.6814666666666669	1.90334	1.7445272979350133	0.00979289	-0.0034946769010275602	0.05136607214808464	215	64	64	37	4.959435443680634	2.0	3.0	3.0	3.299999952316284	71.64006756923463	10.626463059438718	56.41175842285156	33.241859436035156	78955.0	24.330232620239258	149.55442352294926	83.33641815185547	2.351898975940583	134.2686158677039	845.9801635742188	820.1767578125	37963.0	640.9753723144531	1163.3939697265625	165.37486267089844	40.845773972105235
sub-01_task-silentreading_run-2_bold	0.0003896244131455399	0.011180468309859156	2	34.85411652018867	1.0761330074528304	1.0000943594339624	0.5927729689637612	587.1281127929688	0.09558581882839688	8	3.755868544600939	1.7784356649322879	1.6886166666666667	1.9096266666666668	1.7370636614635304	0.00692453	-0.003568558022379875	0.050786979496479034	213	64	64	37	4.931610426647232	2.0	3.0	3.0	3.299999952316284	71.26697413892656	12.30281468857533	56.87677764892578	33.42488098144531	79000.0	22.629108428955078	154.4145553588868	84.7705307006836	2.3256986433974953	135.41794025596315	847.2849731445312	822.3521118164062	38023.0	641.2342712402344	1168.0868286132813	166.74903869628906	41.720689403126016
sub-02_task-silentreading_run-1_bold	0.0017744651162790697	0.01500336888372093	0	28.414488551728976	0.9878477563084114	0.9718660680373837	0.5523337678785137	833.7721557617188	0.10261434872115306	19	8.837209302325581	1.8477958672355126	1.7551733333333335	1.99239	1.7958242683732042	0.00586062	0.012397456914186478	0.030566252768039703	215	64	64	37	5.250463271316338	2.0	3.0	3.0	3.299999952316284	37.364801289734636	9.281780219978517	53.8780517578125	30.85581398010254	86901.0	22.697673797607422	160.47906494140625	78.64295196533203	1.572517582177408	156.08007984093985	911.9401245117188	898.7720947265625	31527.0	670.7097534179687	1209.3623535156241	171.17686462402344	39.05593243450858
sub-02_task-silentreading_run-2_bold	0.0007317757009345795	0.005963799392523364	1	27.91480658093896	1.0595644427230049	1.016984783943662	0.5504420165483546	866.1298828125	0.05575802398793225	6	2.803738317757009	1.822844452942742	1.7253766666666666	1.9787566666666667	1.7644000254948937	0.0136895	0.01307879388332367	0.031425509601831436	214	64	64	37	5.225207980350417	2.0	3.0	3.0	3.299999952316284	38.88857867471582	8.348299150914237	53.586116790771484	30.196260452270508	87225.0	22.869157791137695	160.11775207519537	80.1000747680664	1.524106895138262	156.83024905428283	912.8850708007812	898.77099609375	31351.0	674.5140075683594	1215.144775390625	172.00399780273438	51.92204634763766
sub-03_task-silentreading_run-1_bold	0.00037925233644859816	0.007326623411214954	1	29.768092159859137	1.086992494694836	1.0012963086384976	0.542488280749863	944.7513427734375	0.05020956462505024	2	0.9345794392523364	1.9166448123372952	1.8282066666666665	2.045506666666667	1.8762211036785528	0.00856764	-0.002419037278741598	0.025054674595594406	214	64	64	37	5.435596214454604	2.0	3.0	3.0	3.3000001907348633	27.36536350048171	7.205167730753673	44.562374114990234	27.761680603027344	87692.0	21.443923950195312	129.01051254272454	51.25340270996094	1.348622393811187	140.72251435562126	874.340087890625	861.516357421875	30762.0	642.7623596191406	1152.5083435058593	158.49270629882812	50.968219104688615
sub-03_task-silentreading_run-2_bold	0.0003419626168224299	0.008077389205607476	1	29.923278915492972	1.0813514869953054	0.9959668643661975	0.5422818772892787	952.0413208007812	0.04512899678614193	0	0.0	1.9362440040935425	1.8644366666666665	2.0596166666666664	1.8846786789472938	0.00578173	-0.003346342360600829	0.026511216536164284	214	64	64	37	5.415997241164567	2.0	3.0	3.0	3.3000001907348633	25.02065608551318	6.928047961453416	44.21985626220703	27.51869010925293	87711.0	21.364484786987305	129.69391632080078	49.78477096557617	1.369012817145725	140.54922436243044	873.4383544921875	860.0747680664062	30769.0	643.9298706054688	1155.5196289062499	158.80007934570312	50.265923123806715
sub-04_task-silentreading_run-1_bold	0.0017672558139534885	0.008756319720930232	0	30.20485068705609	1.0781961684579442	1.0111311908878502	0.5469243253747184	862.6751708984375	0.089493462387848	1	0.46511627906976744	1.8526141500815436	1.77255	1.9857833333333332	1.7995091169112976	0.00356583	-0.00671911658719182	0.04163992404937744	215	64	64	37	5.086458337080205	2.0	3.0	3.0	3.299999952316284	65.17220831615938	8.509446402088706	49.76052474975586	29.162790298461914	87375.0	21.562789916992188	149.14326019287117	68.25982666015625	1.4762991513239019	152.8907747939354	886.7166137695312	868.1255493164062	30394.0	653.041616821289	1195.4797424316405	170.6710662841797	46.26680077170022
sub-04_task-silentreading_run-2_bold	0.0005714018691588785	0.007980089112149532	1	29.40291133413146	1.0602699583098598	1.00285124140845	0.5464852842898127	883.9747314453125	0.10057991161670496	11	5.140186915887851	1.8546964733854583	1.7634666666666667	1.98625	1.8143727534897074	0.0113559	-0.007301940117031336	0.04138355702161789	214	64	64	37	5.080526584844804	2.0	3.0	3.0	3.299999952316284	63.395373631429294	7.752484718712362	49.53942108154297	28.864484786987305	87437.0	21.943923950195312	148.3784942626953	68.29557037353516	1.4787166316989682	154.82456443074355	889.225830078125	871.7476196289062	30382.0	653.599285888672	1200.9691711425774	171.583251953125	47.7802813379094
sub-05_task-silentreading_run-1_bold	0.000802046511627907	0.007810009069767442	0	28.724949275233666	1.049448784158878	1.011045298551402	0.5634678834387441	844.83203125	0.14175100094695942	19	8.837209302325581	1.9740874840765084	1.8555933333333332	2.129793333333333	1.9368757855628589	0.0066003	0.00891996268182993	0.026725346222519875	215	64	64	37	5.78628985805221	2.0	3.0	3.0	3.299999952316284	26.50077153749706	8.78527950450088	54.78234100341797	28.809301376342773	85715.0	21.14883804321289	192.80510864257835	78.10095977783203	1.2113888074426962	132.2550132940841	854.9522094726562	842.6139526367188	32094.0	648.9667297363281	1116.4362487792969	145.62022399902344	49.374561346834525
sub-05_task-silentreading_run-2_bold	0.001070747663551402	0.008381572196261683	1	29.390345040422535	1.0694317153990607	1.0204091193896712	0.5635100473652314	856.9298095703125	0.1553457649405284	26	12.149532710280374	1.978712635607292	1.85659	2.1394266666666666	1.940121240155209	0.00768238	0.008521968498826027	0.02653472125530243	214	64	64	37	5.758422093519671	2.0	3.0	3.0	3.299999952316284	27.134653855765727	7.918758842563968	54.837852478027344	28.457942962646484	85668.0	21.546728134155273	194.03480987548792	78.58663177490234	1.2760930272038298	132.27030624909676	855.0775146484375	843.0980834960938	32162.0	649.8270874023438	1116.9721252441404	146.40902709960938	48.97743706929032
sub-06_task-silentreading_run-1_bold	0.00029009569377990433	0.009839381387559808	6	29.576531529615384	1.0080414225961536	0.991648161009615	0.5635409605681919	723.9730224609375	0.036512873882138856	0	0.0	1.8669679884328776	1.7744099999999998	2.0337333333333336	1.7927606319652996	0.00412576	-0.004627964925020933	0.03554563969373703	209	64	64	37	5.7090809995321345	2.0	3.0	3.0	3.299999952316284	45.908665599868456	7.402369933187654	48.726829528808594	29.89473533630371	85628.0	23.358850479125977	135.11745834350566	59.04794692993164	1.4022481036441148	128.39403985310642	824.6636352539062	812.4569091796875	32492.0	627.2566680908203	1078.9485107421874	142.30738830566406	44.468599584535696
sub-06_task-silentreading_run-2_bold	0.0003880373831775701	0.007710114719626168	1	29.340619002018762	1.034068650375587	1.0140562344600939	0.5629692766073173	722.700927734375	0.02814497129027722	0	0.0	1.8722185945433274	1.7767099999999998	2.0368366666666664	1.803109116963316	0.00735582	-0.004123240243643522	0.03559425473213196	214	64	64	37	5.6843514736817635	2.0	3.0	3.0	3.299999952316284	47.57539275982468	7.087391051145253	48.71034622192383	29.864484786987305	85748.0	23.733644485473633	135.18527069091795	59.43709182739258	1.3919129313420564	129.37432731850382	826.1598510742188	813.570068359375	32467.0	629.8527770996094	1082.9807861328125	143.122314453125	48.363869699067436
sub-07_task-silentreading_run-1_bold	0.0005857009345794393	0.006778362196261681	1	30.926337174882637	1.0333288776525817	1.0113276641314557	0.5578737503193011	672.1058349609375	0.10607682344005857	16	7.4766355140186915	1.9998277401342959	1.9423066666666668	2.10331	1.9538665537362212	0.00719675	0.0037679222878068686	0.017823943868279457	214	64	64	37	4.838868887579244	2.0	3.0	3.0	3.3000001907348633	30.96391936954526	8.83326228198883	46.31709671020508	29.504671096801758	85938.0	21.985980987548828	124.57149314880365	51.796382904052734	1.0176772525717457	144.6506772587108	792.6184692382812	772.9976806640625	32200.0	571.4945983886719	1092.6482849121094	159.7451171875	45.806690636090934
sub-07_task-silentreading_run-2_bold	0.001422139534883721	0.008078553395348837	0	35.65471784635516	1.0690780505140192	1.0172680751869163	0.5579902005651478	682.4608764648438	0.22042223338418257	95	44.18604651162791	2.0253834975117293	1.97241	2.13958	1.964160492535187	0.0149124	0.004246934782713652	0.016740277409553528	215	64	64	37	4.78044433956188	2.0	3.0	3.0	3.3000001907348633	32.03957620379128	9.005947117566343	46.28539276123047	29.455814361572266	85812.0	21.693023681640625	126.15302276611325	51.506080627441406	1.0531709286371953	146.0260025649826	796.67431640625	777.0372314453125	32313.0	575.0595336914063	1103.3172119140625	162.54246520996094	43.05310960393399
sub-08_task-silentreading_run-1_bold	0.00041334883720930233	0.0076283359534883724	0	30.425193545887872	1.0711079347663552	1.0041904542523366	0.5605527368554688	843.509765625	0.0994538694965346	7	3.255813953488372	1.9072846555953265	1.8100233333333333	2.0161366666666667	1.8956939667859796	0.0157553	0.004544582683593035	0.024896662682294846	215	64	64	37	5.548771869684784	2.0	3.0	3.0	3.299999952316284	28.013323276279973	8.157762165744465	54.138572692871094	29.744186401367188	85485.0	22.5906982421875	183.36557617187518	74.19207763671875	1.604588849830563	140.38869358022652	889.8453369140625	875.53955078125	31974.0	668.8060577392578	1167.3026000976563	157.78732299804688	49.733703423757106
sub-08_task-silentreading_run-2_bold	0.0003971627906976745	0.006663210511627907	0	29.77154691640186	1.0720369764953281	1.0078143315887853	0.5602997532965458	854.9133911132812	0.09848478461125677	3	1.3953488372093024	1.9048115242103993	1.80729	2.0263566666666666	1.880787905964532	0.0123337	0.004861639812588692	0.023911193013191223	215	64	64	37	5.548364144809945	2.0	3.0	3.0	3.299999952316284	28.554784469270484	7.961227333388701	53.831520080566406	29.518604278564453	85432.0	22.567441940307617	184.00953369140612	74.17310333251953	1.5832497684513873	140.81961104632293	888.5458374023438	874.4093017578125	32001.0	669.3814086914062	1164.83251953125	157.59521484375	52.143564365804195
sub-09_task-silentreading_run-1_bold	0.00045641860465116284	0.00835224953488372	0	30.188494860373837	1.066417562850467	1.001608785093458	0.5528789022348047	926.4746704101562	0.11294053108658766	15	6.976744186046512	1.8272419858182536	1.72848	1.9685733333333333	1.7846726241214277	0.01266	-0.0034860894083976746	0.04374334216117859	215	64	64	37	5.671441692451982	2.0	3.0	3.0	3.3000001907348633	51.76901724976503	7.66815572251551	51.467655181884766	28.64651107788086	86723.0	21.879070281982422	159.79488372802732	72.779296875	2.496570114188149	131.42068758274246	897.0809936523438	881.446533203125	31461.0	683.6046752929688	1173.2744140625	155.41595458984375	50.665720926830545
sub-09_task-silentreading_run-2_bold	0.0005615348837209302	0.007526539255813955	0	30.063235737383152	1.0744593810747656	1.0078849309345788	0.5530574417539449	934.0963745117188	0.1151771066381193	14	6.511627906976744	1.8113717844067452	1.7223600000000001	1.9586766666666666	1.7530786865535688	0.00927502	-0.003406875766813755	0.0420009084045887	215	64	64	37	5.6331292440329985	2.0	3.0	3.0	3.3000001907348633	50.36209978982184	7.730218311950215	51.55426788330078	28.572092056274414	86580.0	21.799999237060547	163.2158187866212	72.8801040649414	2.472189774574103	131.8860820657609	896.9478759765625	881.867431640625	31472.0	683.5932495117188	1174.245587158203	156.54769897460938	51.97563782008365
sub-10_task-silentreading_run-1_bold	0.0004379069767441861	0.007283945302325581	0	33.81549648943925	1.1234326394392513	1.005062336121495	0.5465371743090681	887.3715209960938	0.10534397415025215	2	0.9302325581395349	1.8090787963992565	1.75647	1.9017633333333333	1.7690030558644363	0.0119097	-0.00412309356033802	0.035387907177209854	215	64	64	37	5.180888776735385	2.0	3.0	3.0	3.299999952316284	98.64132277098389	6.04074268055514	42.83729934692383	26.916278839111328	86268.0	21.344186782836914	104.59372329711911	64.40538787841797	1.199015323461909	146.5121194544975	822.1357421875	807.465087890625	31964.0	607.1913787841797	1098.467706298828	155.85211181640625	48.45953021897003
sub-10_task-silentreading_run-2_bold	0.0003785581395348837	0.006757072046511628	0	33.86515583542057	1.129294666121496	1.0049062680373833	0.5464704059965511	892.8053588867188	0.10734147404424337	3	1.3953488372093024	1.8263106146328305	1.7692233333333334	1.9299600000000001	1.7797485105651583	0.0108601	-0.004058989696204662	0.03513392060995102	215	64	64	37	5.147596307017637	2.0	3.0	3.0	3.299999952316284	96.42807810465375	5.785595222728325	42.96095657348633	26.865116119384766	86292.0	21.5906982421875	105.46464958190916	64.83364868164062	1.1901481862244072	147.86025225792136	824.395751953125	808.641845703125	31995.0	608.4367553710938	1104.6437377929688	157.0886993408203	50.06509187514894
sub-11_task-silentreading_run-1_bold	0.00042939534883720934	0.00971136376744186	0	29.21337903981309	1.013775594345794	0.9961699997196265	0.5860206422027817	652.2064819335938	0.06353965135187108	1	0.46511627906976744	1.7260487959516395	1.6505633333333334	1.8515133333333333	1.6760697211882523	0.00674798	0.009711761958897114	0.03574877232313156	215	64	64	37	5.463749398609278	2.0	3.0	3.0	3.299999952316284	35.176660205207504	10.854027772592177	64.19843292236328	33.576744079589844	82569.0	24.720930099487305	205.39069213867168	90.51943969726562	2.181156836755587	142.0125520281686	882.1165161132812	868.2139282226562	34933.0	668.5479125976562	1155.91162109375	158.9021453857422	44.55583462549839
sub-11_task-silentreading_run-2_bold	0.0004370560747663552	0.007905299719626169	1	29.42302413704224	1.038075096619718	1.0114351611737091	0.5858882096207104	668.165771484375	0.060225579655486736	5	2.336448598130841	1.7354949575836083	1.6599733333333333	1.86716	1.6793515394174914	0.00498791	0.009745504707098007	0.03604908287525177	214	64	64	37	5.438040447738172	2.0	3.0	3.0	3.299999952316284	37.67106466784862	10.191159614565557	63.32133102416992	33.1682243347168	82357.0	24.84111976623535	203.71961669921853	88.96818542480469	2.276943771728532	143.34819709317975	882.45263671875	869.0887451171875	34913.0	666.798095703125	1155.2635009765627	159.81423950195312	47.381207481143065
sub-12_task-silentreading_run-1_bold	0.00041167441860465127	0.014022314232558139	0	30.26520028518693	0.9751071284579442	0.9660927836448591	0.6132327251375488	574.8980712890625	0.08346441707313468	2	0.9302325581395349	1.9292519283648975	1.83774	2.04554	1.9044757850946916	0.0047566	0.00845156516879797	0.05152621865272522	215	64	64	37	5.1373983961922605	2.0	3.0	3.0	3.299999952316284	20.98953645164975	13.426171028409795	64.7544937133789	33.283721923828125	77452.0	21.93488311767578	222.886513519287	77.46144104003906	1.3381591409036133	146.96728847055482	836.6768188476562	818.2953491210938	39114.0	617.2272277832031	1124.17861328125	159.28001403808594	39.03885713510681
sub-12_task-silentreading_run-2_bold	0.0005514883720930233	0.006940177069767443	0	29.954521482243	1.0314629656074767	1.007749125514019	0.6161919282923906	575.8291015625	0.0677559250579754	5	2.3255813953488373	1.9226880899432415	1.8388799999999998	2.03256	1.896624269829725	0.00852943	0.007428960409015417	0.050861015915870667	215	64	64	37	5.125361477966537	2.0	3.0	3.0	3.299999952316284	27.772859429861334	12.019422771675575	67.6250228881836	33.372093200683594	77136.0	23.688371658325195	239.44767379760742	84.69039154052734	1.318129769455771	148.61883712106422	839.3251342773438	822.269775390625	39173.0	618.8074462890625	1127.3841796875001	160.4295196533203	46.49893201421946
sub-13_task-silentreading_run-1_bold	0.0004187441860465116	0.008208187627906979	0	29.214639752757	1.0585697510747667	0.9999743022429906	0.5395091522482149	903.8589477539062	0.07929176958731256	3	1.3953488372093024	1.877089705854325	1.8223466666666666	1.9643133333333334	1.8446091175629749	0.00986736	-0.0031714148353785276	0.03260716050863266	215	64	64	37	5.515741967785001	2.0	3.0	3.0	3.299999952316284	39.78711913205193	6.6406772746381995	47.42151641845703	28.13953399658203	88896.0	22.158140182495117	132.41627883911133	69.38850402832031	1.3216982561336161	141.83328963834563	869.5828857421875	856.7581176757812	29741.0	651.2046508789062	1144.4185791015625	155.32701110839844	49.30979861319065
sub-13_task-silentreading_run-2_bold	0.0004041395348837209	0.00801781306976744	0	30.476622572289727	1.0891818430373827	1.0028825218691595	0.5393246719264649	910.1732177734375	0.08109280818078979	5	2.3255813953488373	1.893214251393145	1.8317066666666666	1.98583	1.8621060875127688	0.00820436	-0.003988084848970175	0.03252909332513809	215	64	64	37	5.4773437782433	2.0	3.0	3.0	3.299999952316284	39.672216039419304	6.709636964160899	47.31467819213867	28.023256301879883	88907.0	21.865116119384766	134.12140045165998	69.48970031738281	1.200486296290764	143.02283721301393	869.2647705078125	855.4232177734375	29672.0	649.4548614501954	1147.1090209960937	156.1721954345703	50.26724980561994
sub-14_task-silentreading_run-1_bold	0.0004994859813084112	0.006600739205607476	1	29.066133705070417	1.038873331032864	1.008880096713615	0.5673060625124623	788.82568359375	0.0782268389296355	3	1.4018691588785046	1.9482761251367056	1.8605933333333333	2.090786666666667	1.8934483754101161	0.0100514	0.0042083850130438805	0.028422072529792786	214	64	64	37	4.756840649016251	2.0	3.0	3.0	3.3000001907348633	41.10770351672814	7.904902429923059	46.801815032958984	28.859811782836914	82324.0	21.93457794189453	123.48995246887203	61.461910247802734	1.1297285479526558	154.8626158365591	842.6883544921875	824.6168212890625	34763.0	598.7083740234375	1158.733642578125	173.3513946533203	46.92720880382694
sub-14_task-silentreading_run-2_bold	0.0007041588785046728	0.005551119953271028	1	28.89210994699532	1.0535859460563386	1.018936698403756	0.5674051109382751	792.8381958007812	0.07325051437838692	0	0.0	1.9578964279135125	1.8589466666666665	2.1081366666666668	1.9066059504072046	0.00747048	0.004279129207134247	0.027209555730223656	214	64	64	37	4.733417865977375	2.0	3.0	3.0	3.3000001907348633	39.8303797871518	7.606995213822121	46.83899688720703	28.71495246887207	82274.0	22.070093154907227	125.53924942016586	61.7384147644043	1.1520314113970604	154.4400687748335	841.7515258789062	822.700927734375	34866.0	600.4497528076172	1158.6799011230469	173.80445861816406	49.497542046010494
sub-15_task-silentreading_run-1_bold	0.0005385514018691589	0.0060946910747663565	1	33.35989524971831	1.0948656401408456	1.0115601174178406	0.5817802760497284	794.235107421875	0.12237992509216786	14	6.542056074766355	1.96280778702296	1.8986	2.0703566666666666	1.9194666944022136	0.011177	-0.0033669292461127043	0.04548704996705055	214	64	64	37	4.586256458587324	2.0	3.0	3.0	3.299999952316284	55.7816328499692	8.978748959039757	54.347530364990234	31.79906463623047	79855.0	24.172897338867188	161.783171081543	70.48578643798828	2.931473527762738	169.64366406515774	934.38525390625	909.7078857421875	37276.0	674.5992736816406	1291.6390075683594	198.35255432128906	49.15159276127815
sub-15_task-silentreading_run-2_bold	0.0007139999999999999	0.005946289534883721	0	32.75738386359813	1.0925672820560752	1.0089800759813081	0.5820312618166233	800.7306518554688	0.11567098579625382	13	6.046511627906977	1.9793848577990094	1.9117566666666665	2.09261	1.9337879067303616	0.00791134	-0.0032777395099401474	0.04452091082930565	215	64	64	37	4.550112879284472	2.0	3.0	3.0	3.299999952316284	52.13983940454694	8.75079965973953	54.709407806396484	31.572092056274414	79742.0	24.125581741333008	165.13930892944336	72.23716735839844	2.9904763359982764	170.95442414420154	933.18701171875	907.809326171875	37313.0	672.3906860351562	1292.8037353515626	199.5109100341797	50.10460718185641
sub-16_task-silentreading_run-1_bold	0.0003647441860465116	0.007048284139534884	0	31.9891397351402	1.0752521012149534	1.004816990420561	0.5617882660778813	844.9058837890625	0.15622535291663067	49	22.790697674418606	1.9122564735318808	1.8500666666666667	2.0419300000000002	1.8447727539289756	0.0110664	-0.00893330853432417	0.03962601348757744	215	64	64	37	5.246660363316885	2.0	3.0	3.0	3.299999952316284	66.11098024888568	7.654364350178833	50.28621292114258	30.125581741333008	83654.0	23.330232620239258	139.96023406982394	69.49101257324219	1.6307940613201772	147.7947821221127	908.0872802734375	887.013916015625	33580.0	678.09765625	1216.4292541503905	169.06005859375	49.369483487913385
sub-16_task-silentreading_run-2_bold	0.0004187441860465116	0.006633402139534884	0	29.83228778822431	1.0633649320093452	1.007071486728972	0.5615068402692955	876.0092163085938	0.1534145405925106	48	22.325581395348838	1.907007786639885	1.8430933333333333	2.037996666666667	1.8399333599196546	0.014192	-0.009588946588337421	0.038785237818956375	215	64	64	37	5.210930669903991	2.0	3.0	3.0	3.299999952316284	68.82846288077137	7.433699564952683	50.290401458740234	29.627906799316406	83596.0	23.14883804321289	142.63603973388672	70.18299865722656	1.6233330500223389	150.23247010204514	910.1621704101562	889.26513671875	33557.0	678.4213989257812	1221.4036621093746	170.65126037597656	50.99139343656134
sub-17_task-silentreading_run-1_bold	0.00038423255813953484	0.007770637069767442	0	28.78469776429906	1.051109345887851	0.9999035942990654	0.5542053309944945	899.4208374023438	0.06842986381773893	2	0.9302325581395349	1.935130514109696	1.8458666666666668	2.078673333333333	1.880851542329088	0.00914744	-0.0018057979177683592	0.04101572185754776	215	64	64	37	5.443641739817369	2.0	3.0	3.0	3.299999952316284	45.890177216212365	8.012951342289698	48.92085647583008	28.604650497436523	85919.0	21.548837661743164	143.15255584716763	66.21186828613281	1.2492139268595617	147.01208144529605	886.4295654296875	869.641845703125	32572.0	669.20302734375	1177.531420898437	159.75123596191406	49.381350411102176
sub-17_task-silentreading_run-2_bold	0.000344046511627907	0.009538552418604651	0	27.46912093481309	1.0170132568691586	0.9845478123364484	0.5540934546409225	922.9752197265625	0.07897428894819698	2	0.9302325581395349	1.9165975847110654	1.8284799999999999	2.0624066666666665	1.8589060874665302	0.00550368	-0.0022774296812713146	0.04089060798287392	215	64	64	37	5.474469905773046	2.0	3.0	3.0	3.299999952316284	48.97698761890026	7.599198860832124	48.92171859741211	28.344186782836914	85921.0	21.581396102905273	142.55348205566406	67.0716781616211	1.2887603916372194	146.64658886957923	885.513916015625	868.81396484375	32535.0	670.8469604492187	1175.7256225585936	158.70040893554688	48.08621453586966
sub-18_task-silentreading_run-1_bold	0.00038334883720930236	0.00786770530232558	0	28.28135262252336	1.0422516094392529	1.0043456422897195	0.5357509900025684	893.4426879882812	0.13734021081905262	27	12.55813953488372	1.7853730386369675	1.7398733333333334	1.8859700000000001	1.7302757825775692	0.0103848	-0.0038771438412368298	0.0330650620162487	215	64	64	37	5.7743291240223975	2.0	3.0	3.0	3.299999952316284	110.6996103940631	6.764805281346923	45.08403015136719	27.897674560546875	89710.0	21.879070281982422	125.25837326049806	62.35234069824219	1.3364733185613051	134.89607947751333	852.1465454101562	841.818603515625	29503.0	646.0888427734375	1105.7464599609375	145.78392028808594	50.424497461062856
sub-18_task-silentreading_run-2_bold	0.0003942990654205608	0.006972988644859814	1	27.86913392685446	1.0635094023004696	1.0138213390610327	0.5352853993130792	919.3846435546875	0.12014483707729032	8	3.7383177570093458	1.7842359678939916	1.7357566666666668	1.8941299999999999	1.7228212370153086	0.0101546	-0.004665158223360777	0.033197417855262756	214	64	64	37	5.78665751611488	2.0	3.0	3.0	3.299999952316284	112.32720992712576	6.145180442117199	44.9007682800293	27.49065399169922	89722.0	21.850465774536133	126.74205398559565	62.908775329589844	1.3730257727649038	134.40064202961793	851.8782958984375	841.254638671875	29478.0	645.9053741455078	1104.6186462402343	145.37586975097656	54.41825822205283
sub-19_task-silentreading_run-1_bold	0.0004073831775700935	0.005868244018691588	1	30.19596396239437	1.0954843809859152	1.0116526652112683	0.5457101409829215	846.9263305664062	0.05409340410964055	0	0.0	1.919746675810541	1.8302766666666666	2.03053	1.8984333607649566	0.00945454	0.000519795750733465	0.024329600855708122	214	64	64	37	4.8460277434659025	2.0	3.0	3.0	3.299999952316284	66.31741272336846	7.814838575596458	49.71830749511719	30.827102661132812	86641.0	24.051401138305664	130.80374145507812	67.8531494140625	2.1225315343823796	162.157898322747	929.247802734375	907.537353515625	31519.0	671.4307983398437	1264.6602172851562	187.27151489257812	51.09737154445611
sub-19_task-silentreading_run-2_bold	0.0004530232558139535	0.006013641209302326	0	29.263248095794395	1.0831445382710274	1.0061439047196266	0.5450796273041676	868.1920166015625	0.056180393759698063	2	0.9302325581395349	1.9352560698511698	1.8451833333333332	2.0411333333333332	1.919451542886843	0.00721923	0.00046617077896371484	0.0246382225304842	215	64	64	37	4.834751167582804	2.0	3.0	3.0	3.299999952316284	74.50278596867386	7.730221139789529	49.24315643310547	30.455814361572266	86674.0	23.595348358154297	130.33511123657132	68.18628692626953	2.165187288822904	162.84490491716195	926.6965942382812	905.91162109375	31545.0	667.420458984375	1262.7087890624998	187.37205505371094	51.648177915485576
sub-20_task-silentreading_run-1_bold	0.0007148837209302328	0.008033810930232558	0	27.829083496121488	1.030739780467289	1.0050126881308414	0.5437629772107205	903.2431640625	0.13556395129615542	30	13.953488372093023	1.9354672817177334	1.8663433333333332	2.0734766666666666	1.8665818451531995	0.0196827	-0.0023252777755260468	0.03390359878540039	215	64	64	37	5.801674087589906	2.0	3.0	3.0	3.299999952316284	55.36926395643119	8.006054242201703	49.932682037353516	29.4976749420166	88223.0	22.562789916992188	138.31487731933558	67.7031478881836	1.3821057762890874	141.63339533288428	908.5092163085938	898.0139770507812	29889.0	681.7032592773437	1170.8344482421874	154.78273010253906	48.990386507473886
sub-20_task-silentreading_run-2_bold	0.0007816279069767444	0.006850504837209301	0	27.250140270327087	1.0476005345794392	1.0107906158878506	0.543518247687282	929.4953002929688	0.13673019368468056	31	14.418604651162791	1.9400156655907086	1.8613733333333335	2.0849100000000003	1.8737636634387922	0.0215246	-0.002800598042085767	0.03308607637882233	215	64	64	37	5.809143684401872	2.0	3.0	3.0	3.299999952316284	54.99363396530385	7.7922809013849195	49.97219467163086	29.102325439453125	88168.0	22.539535522460938	140.18720397949204	68.81694793701172	1.3096407252813567	141.5092418756217	910.9523315429688	900.7534790039062	29899.0	683.1237365722657	1173.9171875	155.05528259277344	52.36113778478466
sub-21_task-silentreading_run-1_bold	0.0013771495327102804	0.009253538037383177	1	33.614479037887335	1.0713416731924885	1.0291197210328644	0.600886107536703	558.4177856445312	0.11968556802743725	11	5.140186915887851	1.960835564726242	1.8628566666666666	2.11565	1.9040000275120594	0.00688941	0.015049177221953869	0.03621683642268181	214	64	64	37	5.373750289457662	2.0	3.0	3.0	3.299999952316284	33.96125956444425	13.15636405157676	71.86456298828125	36.47663497924805	80255.0	26.02803611755371	250.5995300292969	96.00113677978516	1.3758005922132588	147.93110659978475	896.2018432617188	883.9345703125	35112.0	661.7609741210938	1184.687384033203	164.4888458251953	41.90110889123753
sub-21_task-silentreading_run-2_bold	0.0009956542056074765	0.012103445046728972	1	32.670529504225314	1.033337864741784	1.0008257921596244	0.6017417408329357	553.4841918945312	0.1594575569904171	43	20.093457943925234	1.9342624331931264	1.8540933333333334	2.0903666666666667	1.8583272995793791	0.0115457	0.015670187771320343	0.03418409079313278	214	64	64	37	5.3759852513177355	2.0	3.0	3.0	3.299999952316284	25.03279346362055	14.157467242167996	76.56924438476562	36.80607604980469	81166.0	25.501168251037598	275.9310607910156	104.4166030883789	1.2729008408958782	149.52112146681122	900.3375854492188	886.635498046875	34961.0	667.1168212890625	1192.0513916015625	164.9228515625	39.15260351635516
sub-22_task-silentreading_run-1_bold	0.0008564953271028038	0.008963234112149533	1	33.42927349812207	1.0540057919718306	1.0133077922535205	0.5824257731686927	671.1478881835938	0.1599681575800298	44	20.560747663551403	1.9731675853299906	1.8661433333333333	2.0659533333333333	1.9874060893233052	0.0107374	0.0013497988693416119	0.04178670048713684	214	64	64	37	4.800820933667161	2.0	3.0	3.0	3.299999952316284	30.890311375830642	10.925529689658589	58.027122497558594	32.21962356567383	81709.0	22.796260833740234	188.97475585937497	74.13182830810547	1.717084094261728	149.94371377396584	874.055419921875	847.2102661132812	35655.0	643.9910888671875	1218.049499511718	176.469482421875	42.85854467772879
sub-22_task-silentreading_run-2_bold	0.0014784186046511631	0.009112991162790698	0	31.28346819299064	1.0539129023364482	1.0245754186448601	0.5820244798384228	697.9158325195312	0.1489269795583645	29	13.488372093023257	1.962952029727233	1.8564466666666668	2.0548033333333335	1.977606089181699	0.0090903	0.0008339593769051135	0.04008978232741356	215	64	64	37	4.837650792973224	2.0	3.0	3.0	3.299999952316284	34.709254384057225	9.998945720682304	57.35747146606445	31.506977081298828	81615.0	23.009302139282227	189.86092987060556	74.41719055175781	1.7782991536282644	147.38788997883205	873.4332275390625	845.7930297851562	35708.0	648.0174163818359	1215.4449035644532	174.83303833007812	44.614459130796604
